timeStamp,elapsed,label,responseCode,responseMessage,threadName,dataType,success,failureMessage,bytes,sentBytes,grpThreads,allThreads,URL,Latency,IdleTime,Connect
1597332187850,5416,localhost CPU user,,,,,true,,0,0,0,0,null,0,0,0
1597332187850,60316,localhost Memory usedperc,,,,,true,,0,0,0,0,null,0,0,0
1597332187850,0,localhost Disks I/O,,,,,true,,0,0,0,0,null,0,0,0
1597332188854,5429,localhost CPU user,,,,,true,,0,0,0,0,null,0,0,0
1597332188854,60212,localhost Memory usedperc,,,,,true,,0,0,0,0,null,0,0,0
1597332188854,0,localhost Disks I/O,,,,,true,,0,0,0,0,null,0,0,0
1597332189863,3447,localhost CPU user,,,,,true,,0,0,0,0,null,0,0,0
1597332189863,60206,localhost Memory usedperc,,,,,true,,0,0,0,0,null,0,0,0
1597332189863,0,localhost Disks I/O,,,,,true,,0,0,0,0,null,0,0,0
1597332190870,2750,localhost CPU user,,,,,true,,0,0,0,0,null,0,0,0
1597332190870,59564,localhost Memory usedperc,,,,,true,,0,0,0,0,null,0,0,0
1597332190870,0,localhost Disks I/O,,,,,true,,0,0,0,0,null,0,0,0
1597332191882,3075,localhost CPU user,,,,,true,,0,0,0,0,null,0,0,0
1597332191882,59563,localhost Memory usedperc,,,,,true,,0,0,0,0,null,0,0,0
1597332191882,0,localhost Disks I/O,,,,,true,,0,0,0,0,null,0,0,0
1597332192897,1550,localhost CPU user,,,,,true,,0,0,0,0,null,0,0,0
1597332192897,59509,localhost Memory usedperc,,,,,true,,0,0,0,0,null,0,0,0
1597332192897,0,localhost Disks I/O,,,,,true,,0,0,0,0,null,0,0,0
1597332193909,1132,localhost CPU user,,,,,true,,0,0,0,0,null,0,0,0
1597332193909,59232,localhost Memory usedperc,,,,,true,,0,0,0,0,null,0,0,0
1597332193909,0,localhost Disks I/O,,,,,true,,0,0,0,0,null,0,0,0
1597332194919,1574,localhost CPU user,,,,,true,,0,0,0,0,null,0,0,0
1597332194919,59173,localhost Memory usedperc,,,,,true,,0,0,0,0,null,0,0,0
1597332194919,0,localhost Disks I/O,,,,,true,,0,0,0,0,null,0,0,0
1597332195930,2351,localhost CPU user,,,,,true,,0,0,0,0,null,0,0,0
1597332195930,58528,localhost Memory usedperc,,,,,true,,0,0,0,0,null,0,0,0
1597332195930,0,localhost Disks I/O,,,,,true,,0,0,0,0,null,0,0,0
1597332196944,393,localhost CPU user,,,,,true,,0,0,0,0,null,0,0,0
1597332196944,58472,localhost Memory usedperc,,,,,true,,0,0,0,0,null,0,0,0
1597332196944,0,localhost Disks I/O,,,,,true,,0,0,0,0,null,0,0,0
1597332197956,1156,localhost CPU user,,,,,true,,0,0,0,0,null,0,0,0
1597332197956,58468,localhost Memory usedperc,,,,,true,,0,0,0,0,null,0,0,0
1597332197956,0,localhost Disks I/O,,,,,true,,0,0,0,0,null,0,0,0
1597332198970,1157,localhost CPU user,,,,,true,,0,0,0,0,null,0,0,0
1597332198970,58462,localhost Memory usedperc,,,,,true,,0,0,0,0,null,0,0,0
1597332198970,0,localhost Disks I/O,,,,,true,,0,0,0,0,null,0,0,0
1597332199982,3075,localhost CPU user,,,,,true,,0,0,0,0,null,0,0,0
1597332199982,58461,localhost Memory usedperc,,,,,true,,0,0,0,0,null,0,0,0
1597332199982,0,localhost Disks I/O,,,,,true,,0,0,0,0,null,0,0,0
1597332200996,1968,localhost CPU user,,,,,true,,0,0,0,0,null,0,0,0
1597332200996,58377,localhost Memory usedperc,,,,,true,,0,0,0,0,null,0,0,0
1597332200996,0,localhost Disks I/O,,,,,true,,0,0,0,0,null,0,0,0
1597332202004,5738,localhost CPU user,,,,,true,,0,0,0,0,null,0,0,0
1597332202004,58378,localhost Memory usedperc,,,,,true,,0,0,0,0,null,0,0,0
1597332202004,0,localhost Disks I/O,,,,,true,,0,0,0,0,null,0,0,0
1597332203014,7105,localhost CPU user,,,,,true,,0,0,0,0,null,0,0,0
1597332203014,58376,localhost Memory usedperc,,,,,true,,0,0,0,0,null,0,0,0
1597332203014,0,localhost Disks I/O,,,,,true,,0,0,0,0,null,0,0,0
1597332204026,793,localhost CPU user,,,,,true,,0,0,0,0,null,0,0,0
1597332204026,58405,localhost Memory usedperc,,,,,true,,0,0,0,0,null,0,0,0
1597332204026,0,localhost Disks I/O,,,,,true,,0,0,0,0,null,0,0,0
1597332205035,2325,localhost CPU user,,,,,true,,0,0,0,0,null,0,0,0
1597332205035,58527,localhost Memory usedperc,,,,,true,,0,0,0,0,null,0,0,0
1597332205035,0,localhost Disks I/O,,,,,true,,0,0,0,0,null,0,0,0
1597332206046,2312,localhost CPU user,,,,,true,,0,0,0,0,null,0,0,0
1597332206046,58526,localhost Memory usedperc,,,,,true,,0,0,0,0,null,0,0,0
1597332206046,0,localhost Disks I/O,,,,,true,,0,0,0,0,null,0,0,0
1597332207056,4210,localhost CPU user,,,,,true,,0,0,0,0,null,0,0,0
1597332207056,58531,localhost Memory usedperc,,,,,true,,0,0,0,0,null,0,0,0
1597332207056,0,localhost Disks I/O,,,,,true,,0,0,0,0,null,0,0,0
1597332208069,787,localhost CPU user,,,,,true,,0,0,0,0,null,0,0,0
1597332208069,58531,localhost Memory usedperc,,,,,true,,0,0,0,0,null,0,0,0
1597332208069,0,localhost Disks I/O,,,,,true,,0,0,0,0,null,0,0,0
1597332209081,1919,localhost CPU user,,,,,true,,0,0,0,0,null,0,0,0
1597332209081,58528,localhost Memory usedperc,,,,,true,,0,0,0,0,null,0,0,0
1597332209081,0,localhost Disks I/O,,,,,true,,0,0,0,0,null,0,0,0
1597332210090,1550,localhost CPU user,,,,,true,,0,0,0,0,null,0,0,0
1597332210090,58533,localhost Memory usedperc,,,,,true,,0,0,0,0,null,0,0,0
1597332210090,0,localhost Disks I/O,,,,,true,,0,0,0,0,null,0,0,0
1597332211103,759,localhost CPU user,,,,,true,,0,0,0,0,null,0,0,0
1597332211103,58531,localhost Memory usedperc,,,,,true,,0,0,0,0,null,0,0,0
1597332211103,0,localhost Disks I/O,,,,,true,,0,0,0,0,null,0,0,0
1597332212112,6546,localhost CPU user,,,,,true,,0,0,0,0,null,0,0,0
1597332212112,58552,localhost Memory usedperc,,,,,true,,0,0,0,0,null,0,0,0
1597332212112,0,localhost Disks I/O,,,,,true,,0,0,0,0,null,0,0,0
1597332213123,750,localhost CPU user,,,,,true,,0,0,0,0,null,0,0,0
1597332213123,58551,localhost Memory usedperc,,,,,true,,0,0,0,0,null,0,0,0
1597332213123,0,localhost Disks I/O,,,,,true,,0,0,0,0,null,0,0,0
1597332214135,2314,localhost CPU user,,,,,true,,0,0,0,0,null,0,0,0
1597332214135,58700,localhost Memory usedperc,,,,,true,,0,0,0,0,null,0,0,0
1597332214135,0,localhost Disks I/O,,,,,true,,0,0,0,0,null,0,0,0
1597332215136,0,localhost CPU user,,,,,true,,0,0,0,0,null,0,0,0
1597332215136,58684,localhost Memory usedperc,,,,,true,,0,0,0,0,null,0,0,0
1597332215136,0,localhost Disks I/O,,,,,true,,0,0,0,0,null,0,0,0
1597332216148,1943,localhost CPU user,,,,,true,,0,0,0,0,null,0,0,0
1597332216148,58639,localhost Memory usedperc,,,,,true,,0,0,0,0,null,0,0,0
1597332216148,0,localhost Disks I/O,,,,,true,,0,0,0,0,null,0,0,0
1597332217160,1157,localhost CPU user,,,,,true,,0,0,0,0,null,0,0,0
1597332217160,58638,localhost Memory usedperc,,,,,true,,0,0,0,0,null,0,0,0
1597332217160,0,localhost Disks I/O,,,,,true,,0,0,0,0,null,0,0,0
1597332218174,1574,localhost CPU user,,,,,true,,0,0,0,0,null,0,0,0
1597332218174,58628,localhost Memory usedperc,,,,,true,,0,0,0,0,null,0,0,0
1597332218174,0,localhost Disks I/O,,,,,true,,0,0,0,0,null,0,0,0
1597332219183,797,localhost CPU user,,,,,true,,0,0,0,0,null,0,0,0
1597332219183,58629,localhost Memory usedperc,,,,,true,,0,0,0,0,null,0,0,0
1597332219183,0,localhost Disks I/O,,,,,true,,0,0,0,0,null,0,0,0
1597332220197,1132,localhost CPU user,,,,,true,,0,0,0,0,null,0,0,0
1597332220197,58627,localhost Memory usedperc,,,,,true,,0,0,0,0,null,0,0,0
1597332220197,0,localhost Disks I/O,,,,,true,,0,0,0,0,null,0,0,0
1597332221204,375,localhost CPU user,,,,,true,,0,0,0,0,null,0,0,0
1597332221204,58606,localhost Memory usedperc,,,,,true,,0,0,0,0,null,0,0,0
1597332221204,0,localhost Disks I/O,,,,,true,,0,0,0,0,null,0,0,0
1597332222212,2684,localhost CPU user,,,,,true,,0,0,0,0,null,0,0,0
1597332222212,58611,localhost Memory usedperc,,,,,true,,0,0,0,0,null,0,0,0
1597332222212,0,localhost Disks I/O,,,,,true,,0,0,0,0,null,0,0,0
1597332223225,2313,localhost CPU user,,,,,true,,0,0,0,0,null,0,0,0
1597332223225,58610,localhost Memory usedperc,,,,,true,,0,0,0,0,null,0,0,0
1597332223225,0,localhost Disks I/O,,,,,true,,0,0,0,0,null,0,0,0
1597332224227,1574,localhost CPU user,,,,,true,,0,0,0,0,null,0,0,0
1597332224227,58611,localhost Memory usedperc,,,,,true,,0,0,0,0,null,0,0,0
1597332224227,0,localhost Disks I/O,,,,,true,,0,0,0,0,null,0,0,0
1597332225237,1925,localhost CPU user,,,,,true,,0,0,0,0,null,0,0,0
1597332225237,58610,localhost Memory usedperc,,,,,true,,0,0,0,0,null,0,0,0
1597332225237,0,localhost Disks I/O,,,,,true,,0,0,0,0,null,0,0,0
1597332226250,0,localhost CPU user,,,,,true,,0,0,0,0,null,0,0,0
1597332226251,58605,localhost Memory usedperc,,,,,true,,0,0,0,0,null,0,0,0
1597332226251,0,localhost Disks I/O,,,,,true,,0,0,0,0,null,0,0,0
1597332227261,4242,localhost CPU user,,,,,true,,0,0,0,0,null,0,0,0
1597332227261,58613,localhost Memory usedperc,,,,,true,,0,0,0,0,null,0,0,0
1597332227261,1000,localhost Disks I/O,,,,,true,,0,0,0,0,null,0,0,0
1597332228270,1132,localhost CPU user,,,,,true,,0,0,0,0,null,0,0,0
1597332228270,58611,localhost Memory usedperc,,,,,true,,0,0,0,0,null,0,0,0
1597332228270,0,localhost Disks I/O,,,,,true,,0,0,0,0,null,0,0,0
1597332229279,3148,localhost CPU user,,,,,true,,0,0,0,0,null,0,0,0
1597332229279,58636,localhost Memory usedperc,,,,,true,,0,0,0,0,null,0,0,0
1597332229279,0,localhost Disks I/O,,,,,true,,0,0,0,0,null,0,0,0
1597332230294,1156,localhost CPU user,,,,,true,,0,0,0,0,null,0,0,0
1597332230294,58634,localhost Memory usedperc,,,,,true,,0,0,0,0,null,0,0,0
1597332230294,0,localhost Disks I/O,,,,,true,,0,0,0,0,null,0,0,0
1597332231305,1920,localhost CPU user,,,,,true,,0,0,0,0,null,0,0,0
1597332231305,58611,localhost Memory usedperc,,,,,true,,0,0,0,0,null,0,0,0
1597332231305,0,localhost Disks I/O,,,,,true,,0,0,0,0,null,0,0,0
1597332232318,762,localhost CPU user,,,,,true,,0,0,0,0,null,0,0,0
1597332232318,58610,localhost Memory usedperc,,,,,true,,0,0,0,0,null,0,0,0
1597332232318,0,localhost Disks I/O,,,,,true,,0,0,0,0,null,0,0,0
1597332233330,1157,localhost CPU user,,,,,true,,0,0,0,0,null,0,0,0
1597332233330,58609,localhost Memory usedperc,,,,,true,,0,0,0,0,null,0,0,0
1597332233330,0,localhost Disks I/O,,,,,true,,0,0,0,0,null,0,0,0
1597332234340,403,localhost CPU user,,,,,true,,0,0,0,0,null,0,0,0
1597332234340,58609,localhost Memory usedperc,,,,,true,,0,0,0,0,null,0,0,0
1597332234340,0,localhost Disks I/O,,,,,true,,0,0,0,0,null,0,0,0
1597332235351,1935,localhost CPU user,,,,,true,,0,0,0,0,null,0,0,0
1597332235351,58608,localhost Memory usedperc,,,,,true,,0,0,0,0,null,0,0,0
1597332235351,0,localhost Disks I/O,,,,,true,,0,0,0,0,null,0,0,0
1597332236363,9565,localhost CPU user,,,,,true,,0,0,0,0,null,0,0,0
1597332236363,58534,localhost Memory usedperc,,,,,true,,0,0,0,0,null,0,0,0
1597332236363,0,localhost Disks I/O,,,,,true,,0,0,0,0,null,0,0,0
1597332237371,374,localhost CPU user,,,,,true,,0,0,0,0,null,0,0,0
1597332237371,58511,localhost Memory usedperc,,,,,true,,0,0,0,0,null,0,0,0
1597332237371,0,localhost Disks I/O,,,,,true,,0,0,0,0,null,0,0,0
1597332238386,763,localhost CPU user,,,,,true,,0,0,0,0,null,0,0,0
1597332238386,58485,localhost Memory usedperc,,,,,true,,0,0,0,0,null,0,0,0
1597332238386,0,localhost Disks I/O,,,,,true,,0,0,0,0,null,0,0,0
1597332239400,1181,localhost CPU user,,,,,true,,0,0,0,0,null,0,0,0
1597332239400,58483,localhost Memory usedperc,,,,,true,,0,0,0,0,null,0,0,0
1597332239400,0,localhost Disks I/O,,,,,true,,0,0,0,0,null,0,0,0
1597332240402,8575,localhost CPU user,,,,,true,,0,0,0,0,null,0,0,0
1597332240402,58507,localhost Memory usedperc,,,,,true,,0,0,0,0,null,0,0,0
1597332240402,0,localhost Disks I/O,,,,,true,,0,0,0,0,null,0,0,0
1597332241413,3101,localhost CPU user,,,,,true,,0,0,0,0,null,0,0,0
1597332241413,58474,localhost Memory usedperc,,,,,true,,0,0,0,0,null,0,0,0
1597332241413,0,localhost Disks I/O,,,,,true,,0,0,0,0,null,0,0,0
1597332242413,1152,localhost CPU user,,,,,true,,0,0,0,0,null,0,0,0
1597332242413,58460,localhost Memory usedperc,,,,,true,,0,0,0,0,null,0,0,0
1597332242413,0,localhost Disks I/O,,,,,true,,0,0,0,0,null,0,0,0
1597332243424,369,localhost CPU user,,,,,true,,0,0,0,0,null,0,0,0
1597332243424,58463,localhost Memory usedperc,,,,,true,,0,0,0,0,null,0,0,0
1597332243424,0,localhost Disks I/O,,,,,true,,0,0,0,0,null,0,0,0
1597332244438,0,localhost CPU user,,,,,true,,0,0,0,0,null,0,0,0
1597332244438,58450,localhost Memory usedperc,,,,,true,,0,0,0,0,null,0,0,0
1597332244438,0,localhost Disks I/O,,,,,true,,0,0,0,0,null,0,0,0
1597332245451,0,localhost CPU user,,,,,true,,0,0,0,0,null,0,0,0
1597332245451,58448,localhost Memory usedperc,,,,,true,,0,0,0,0,null,0,0,0
1597332245451,0,localhost Disks I/O,,,,,true,,0,0,0,0,null,0,0,0
1597332246458,392,localhost CPU user,,,,,true,,0,0,0,0,null,0,0,0
1597332246458,58441,localhost Memory usedperc,,,,,true,,0,0,0,0,null,0,0,0
1597332246458,0,localhost Disks I/O,,,,,true,,0,0,0,0,null,0,0,0
1597332247468,2350,localhost CPU user,,,,,true,,0,0,0,0,null,0,0,0
1597332247468,58439,localhost Memory usedperc,,,,,true,,0,0,0,0,null,0,0,0
1597332247468,0,localhost Disks I/O,,,,,true,,0,0,0,0,null,0,0,0
1597332248480,4209,localhost CPU user,,,,,true,,0,0,0,0,null,0,0,0
1597332248480,58445,localhost Memory usedperc,,,,,true,,0,0,0,0,null,0,0,0
1597332248480,0,localhost Disks I/O,,,,,true,,0,0,0,0,null,0,0,0
1597332249493,16564,localhost CPU user,,,,,true,,0,0,0,0,null,0,0,0
1597332249493,58597,localhost Memory usedperc,,,,,true,,0,0,0,0,null,0,0,0
1597332249493,0,localhost Disks I/O,,,,,true,,0,0,0,0,null,0,0,0
1597332250503,2313,localhost CPU user,,,,,true,,0,0,0,0,null,0,0,0
1597332250503,58595,localhost Memory usedperc,,,,,true,,0,0,0,0,null,0,0,0
1597332250503,0,localhost Disks I/O,,,,,true,,0,0,0,0,null,0,0,0
1597332251517,3101,localhost CPU user,,,,,true,,0,0,0,0,null,0,0,0
1597332251517,58512,localhost Memory usedperc,,,,,true,,0,0,0,0,null,0,0,0
1597332251517,0,localhost Disks I/O,,,,,true,,0,0,0,0,null,0,0,0
1597332252523,369,localhost CPU user,,,,,true,,0,0,0,0,null,0,0,0
1597332252523,58510,localhost Memory usedperc,,,,,true,,0,0,0,0,null,0,0,0
1597332252523,0,localhost Disks I/O,,,,,true,,0,0,0,0,null,0,0,0
1597332253531,3548,localhost CPU user,,,,,true,,0,0,0,0,null,0,0,0
1597332253531,58510,localhost Memory usedperc,,,,,true,,0,0,0,0,null,0,0,0
1597332253531,0,localhost Disks I/O,,,,,true,,0,0,0,0,null,0,0,0
1597332254545,1502,localhost CPU user,,,,,true,,0,0,0,0,null,0,0,0
1597332254545,58507,localhost Memory usedperc,,,,,true,,0,0,0,0,null,0,0,0
1597332254545,0,localhost Disks I/O,,,,,true,,0,0,0,0,null,0,0,0
1597332255552,1156,localhost CPU user,,,,,true,,0,0,0,0,null,0,0,0
1597332255552,58507,localhost Memory usedperc,,,,,true,,0,0,0,0,null,0,0,0
1597332255552,0,localhost Disks I/O,,,,,true,,0,0,0,0,null,0,0,0
1597332256562,1974,localhost CPU user,,,,,true,,0,0,0,0,null,0,0,0
1597332256562,58512,localhost Memory usedperc,,,,,true,,0,0,0,0,null,0,0,0
1597332256562,0,localhost Disks I/O,,,,,true,,0,0,0,0,null,0,0,0
1597332257576,1156,localhost CPU user,,,,,true,,0,0,0,0,null,0,0,0
1597332257576,58581,localhost Memory usedperc,,,,,true,,0,0,0,0,null,0,0,0
1597332257576,0,localhost Disks I/O,,,,,true,,0,0,0,0,null,0,0,0
1597332258588,1525,localhost CPU user,,,,,true,,0,0,0,0,null,0,0,0
1597332258588,58596,localhost Memory usedperc,,,,,true,,0,0,0,0,null,0,0,0
1597332258588,0,localhost Disks I/O,,,,,true,,0,0,0,0,null,0,0,0
1597332259597,1526,localhost CPU user,,,,,true,,0,0,0,0,null,0,0,0
1597332259597,58598,localhost Memory usedperc,,,,,true,,0,0,0,0,null,0,0,0
1597332259597,0,localhost Disks I/O,,,,,true,,0,0,0,0,null,0,0,0
1597332260608,1599,localhost CPU user,,,,,true,,0,0,0,0,null,0,0,0
1597332260608,58570,localhost Memory usedperc,,,,,true,,0,0,0,0,null,0,0,0
1597332260608,0,localhost Disks I/O,,,,,true,,0,0,0,0,null,0,0,0
1597332261619,2290,localhost CPU user,,,,,true,,0,0,0,0,null,0,0,0
1597332261619,58543,localhost Memory usedperc,,,,,true,,0,0,0,0,null,0,0,0
1597332261619,0,localhost Disks I/O,,,,,true,,0,0,0,0,null,0,0,0
1597332262633,2683,localhost CPU user,,,,,true,,0,0,0,0,null,0,0,0
1597332262633,58540,localhost Memory usedperc,,,,,true,,0,0,0,0,null,0,0,0
1597332262633,0,localhost Disks I/O,,,,,true,,0,0,0,0,null,0,0,0
1597332263646,3075,localhost CPU user,,,,,true,,0,0,0,0,null,0,0,0
1597332263646,58540,localhost Memory usedperc,,,,,true,,0,0,0,0,null,0,0,0
1597332263646,0,localhost Disks I/O,,,,,true,,0,0,0,0,null,0,0,0
1597332264656,2749,localhost CPU user,,,,,true,,0,0,0,0,null,0,0,0
1597332264656,58543,localhost Memory usedperc,,,,,true,,0,0,0,0,null,0,0,0
1597332264656,0,localhost Disks I/O,,,,,true,,0,0,0,0,null,0,0,0
1597332265665,5366,localhost CPU user,,,,,true,,0,0,0,0,null,0,0,0
1597332265665,58614,localhost Memory usedperc,,,,,true,,0,0,0,0,null,0,0,0
1597332265665,0,localhost Disks I/O,,,,,true,,0,0,0,0,null,0,0,0
1597332266681,4700,localhost CPU user,,,,,true,,0,0,0,0,null,0,0,0
1597332266681,58662,localhost Memory usedperc,,,,,true,,0,0,0,0,null,0,0,0
1597332266681,0,localhost Disks I/O,,,,,true,,0,0,0,0,null,0,0,0
1597332267695,4235,localhost CPU user,,,,,true,,0,0,0,0,null,0,0,0
1597332267695,58650,localhost Memory usedperc,,,,,true,,0,0,0,0,null,0,0,0
1597332267695,0,localhost Disks I/O,,,,,true,,0,0,0,0,null,0,0,0
1597332268710,800,localhost CPU user,,,,,true,,0,0,0,0,null,0,0,0
1597332268710,58638,localhost Memory usedperc,,,,,true,,0,0,0,0,null,0,0,0
1597332268710,0,localhost Disks I/O,,,,,true,,0,0,0,0,null,0,0,0
1597332269720,1519,localhost CPU user,,,,,true,,0,0,0,0,null,0,0,0
1597332269720,58625,localhost Memory usedperc,,,,,true,,0,0,0,0,null,0,0,0
1597332269720,0,localhost Disks I/O,,,,,true,,0,0,0,0,null,0,0,0
1597332270734,775,localhost CPU user,,,,,true,,0,0,0,0,null,0,0,0
1597332270734,58625,localhost Memory usedperc,,,,,true,,0,0,0,0,null,0,0,0
1597332270734,0,localhost Disks I/O,,,,,true,,0,0,0,0,null,0,0,0
1597332271744,3077,localhost CPU user,,,,,true,,0,0,0,0,null,0,0,0
1597332271744,58612,localhost Memory usedperc,,,,,true,,0,0,0,0,null,0,0,0
1597332271744,0,localhost Disks I/O,,,,,true,,0,0,0,0,null,0,0,0
1597332272744,1574,localhost CPU user,,,,,true,,0,0,0,0,null,0,0,0
1597332272744,58603,localhost Memory usedperc,,,,,true,,0,0,0,0,null,0,0,0
1597332272744,0,localhost Disks I/O,,,,,true,,0,0,0,0,null,0,0,0
1597332273756,1920,localhost CPU user,,,,,true,,0,0,0,0,null,0,0,0
1597332273756,58590,localhost Memory usedperc,,,,,true,,0,0,0,0,null,0,0,0
1597332273756,0,localhost Disks I/O,,,,,true,,0,0,0,0,null,0,0,0
1597332274770,3840,localhost CPU user,,,,,true,,0,0,0,0,null,0,0,0
1597332274770,58608,localhost Memory usedperc,,,,,true,,0,0,0,0,null,0,0,0
1597332274770,0,localhost Disks I/O,,,,,true,,0,0,0,0,null,0,0,0
1597332275785,367,localhost CPU user,,,,,true,,0,0,0,0,null,0,0,0
1597332275785,58597,localhost Memory usedperc,,,,,true,,0,0,0,0,null,0,0,0
1597332275785,0,localhost Disks I/O,,,,,true,,0,0,0,0,null,0,0,0
1597332276797,771,localhost CPU user,,,,,true,,0,0,0,0,null,0,0,0
1597332276797,58588,localhost Memory usedperc,,,,,true,,0,0,0,0,null,0,0,0
1597332276797,0,localhost Disks I/O,,,,,true,,0,0,0,0,null,0,0,0
1597332277807,400,localhost CPU user,,,,,true,,0,0,0,0,null,0,0,0
1597332277807,58588,localhost Memory usedperc,,,,,true,,0,0,0,0,null,0,0,0
1597332277807,0,localhost Disks I/O,,,,,true,,0,0,0,0,null,0,0,0
1597332278817,3076,localhost CPU user,,,,,true,,0,0,0,0,null,0,0,0
1597332278817,58588,localhost Memory usedperc,,,,,true,,0,0,0,0,null,0,0,0
1597332278817,0,localhost Disks I/O,,,,,true,,0,0,0,0,null,0,0,0
1597332279826,1174,localhost CPU user,,,,,true,,0,0,0,0,null,0,0,0
1597332279826,58588,localhost Memory usedperc,,,,,true,,0,0,0,0,null,0,0,0
1597332279826,0,localhost Disks I/O,,,,,true,,0,0,0,0,null,0,0,0
1597332280837,393,localhost CPU user,,,,,true,,0,0,0,0,null,0,0,0
1597332280837,58586,localhost Memory usedperc,,,,,true,,0,0,0,0,null,0,0,0
1597332280837,0,localhost Disks I/O,,,,,true,,0,0,0,0,null,0,0,0
1597332281848,4602,localhost CPU user,,,,,true,,0,0,0,0,null,0,0,0
1597332281848,58765,localhost Memory usedperc,,,,,true,,0,0,0,0,null,0,0,0
1597332281848,0,localhost Disks I/O,,,,,true,,0,0,0,0,null,0,0,0
1597332282862,1950,localhost CPU user,,,,,true,,0,0,0,0,null,0,0,0
1597332282862,58765,localhost Memory usedperc,,,,,true,,0,0,0,0,null,0,0,0
1597332282862,0,localhost Disks I/O,,,,,true,,0,0,0,0,null,0,0,0
1597332283871,772,localhost CPU user,,,,,true,,0,0,0,0,null,0,0,0
1597332283871,58764,localhost Memory usedperc,,,,,true,,0,0,0,0,null,0,0,0
1597332283871,0,localhost Disks I/O,,,,,true,,0,0,0,0,null,0,0,0
1597332284886,1575,localhost CPU user,,,,,true,,0,0,0,0,null,0,0,0
1597332284886,58763,localhost Memory usedperc,,,,,true,,0,0,0,0,null,0,0,0
1597332284886,0,localhost Disks I/O,,,,,true,,0,0,0,0,null,0,0,0
1597332285897,393,localhost CPU user,,,,,true,,0,0,0,0,null,0,0,0
1597332285897,58763,localhost Memory usedperc,,,,,true,,0,0,0,0,null,0,0,0
1597332285897,0,localhost Disks I/O,,,,,true,,0,0,0,0,null,0,0,0
1597332286902,2350,localhost CPU user,,,,,true,,0,0,0,0,null,0,0,0
1597332286902,58670,localhost Memory usedperc,,,,,true,,0,0,0,0,null,0,0,0
1597332286902,0,localhost Disks I/O,,,,,true,,0,0,0,0,null,0,0,0
1597332287912,3839,localhost CPU user,,,,,true,,0,0,0,0,null,0,0,0
1597332287912,58670,localhost Memory usedperc,,,,,true,,0,0,0,0,null,0,0,0
1597332287912,0,localhost Disks I/O,,,,,true,,0,0,0,0,null,0,0,0
1597332288926,2674,localhost CPU user,,,,,true,,0,0,0,0,null,0,0,0
1597332288926,58653,localhost Memory usedperc,,,,,true,,0,0,0,0,null,0,0,0
1597332288926,0,localhost Disks I/O,,,,,true,,0,0,0,0,null,0,0,0
1597332289942,3468,localhost CPU user,,,,,true,,0,0,0,0,null,0,0,0
1597332289942,58749,localhost Memory usedperc,,,,,true,,0,0,0,0,null,0,0,0
1597332289942,0,localhost Disks I/O,,,,,true,,0,0,0,0,null,0,0,0
1597332290950,775,localhost CPU user,,,,,true,,0,0,0,0,null,0,0,0
1597332290950,58751,localhost Memory usedperc,,,,,true,,0,0,0,0,null,0,0,0
1597332290950,0,localhost Disks I/O,,,,,true,,0,0,0,0,null,0,0,0
1597332291966,1502,localhost CPU user,,,,,true,,0,0,0,0,null,0,0,0
1597332291966,58718,localhost Memory usedperc,,,,,true,,0,0,0,0,null,0,0,0
1597332291966,0,localhost Disks I/O,,,,,true,,0,0,0,0,null,0,0,0
1597332292976,787,localhost CPU user,,,,,true,,0,0,0,0,null,0,0,0
1597332292976,58708,localhost Memory usedperc,,,,,true,,0,0,0,0,null,0,0,0
1597332292976,0,localhost Disks I/O,,,,,true,,0,0,0,0,null,0,0,0
1597332293986,1974,localhost CPU user,,,,,true,,0,0,0,0,null,0,0,0
1597332293986,58739,localhost Memory usedperc,,,,,true,,0,0,0,0,null,0,0,0
1597332293986,0,localhost Disks I/O,,,,,true,,0,0,0,0,null,0,0,0
1597332294998,1156,localhost CPU user,,,,,true,,0,0,0,0,null,0,0,0
1597332294998,58761,localhost Memory usedperc,,,,,true,,0,0,0,0,null,0,0,0
1597332294998,0,localhost Disks I/O,,,,,true,,0,0,0,0,null,0,0,0
1597332296013,763,localhost CPU user,,,,,true,,0,0,0,0,null,0,0,0
1597332296013,58778,localhost Memory usedperc,,,,,true,,0,0,0,0,null,0,0,0
1597332296013,0,localhost Disks I/O,,,,,true,,0,0,0,0,null,0,0,0
1597332297025,1943,localhost CPU user,,,,,true,,0,0,0,0,null,0,0,0
1597332297025,58780,localhost Memory usedperc,,,,,true,,0,0,0,0,null,0,0,0
1597332297025,0,localhost Disks I/O,,,,,true,,0,0,0,0,null,0,0,0
1597332298039,0,localhost CPU user,,,,,true,,0,0,0,0,null,0,0,0
1597332298039,58782,localhost Memory usedperc,,,,,true,,0,0,0,0,null,0,0,0
1597332298039,0,localhost Disks I/O,,,,,true,,0,0,0,0,null,0,0,0
1597332299048,1550,localhost CPU user,,,,,true,,0,0,0,0,null,0,0,0
1597332299048,58809,localhost Memory usedperc,,,,,true,,0,0,0,0,null,0,0,0
1597332299048,0,localhost Disks I/O,,,,,true,,0,0,0,0,null,0,0,0
1597332300062,3422,localhost CPU user,,,,,true,,0,0,0,0,null,0,0,0
1597332300062,58951,localhost Memory usedperc,,,,,true,,0,0,0,0,null,0,0,0
1597332300062,0,localhost Disks I/O,,,,,true,,0,0,0,0,null,0,0,0
1597332301077,787,localhost CPU user,,,,,true,,0,0,0,0,null,0,0,0
1597332301077,58955,localhost Memory usedperc,,,,,true,,0,0,0,0,null,0,0,0
1597332301077,0,localhost Disks I/O,,,,,true,,0,0,0,0,null,0,0,0
1597332302090,1942,localhost CPU user,,,,,true,,0,0,0,0,null,0,0,0
1597332302090,58941,localhost Memory usedperc,,,,,true,,0,0,0,0,null,0,0,0
1597332302090,0,localhost Disks I/O,,,,,true,,0,0,0,0,null,0,0,0
1597332303102,1132,localhost CPU user,,,,,true,,0,0,0,0,null,0,0,0
1597332303102,58944,localhost Memory usedperc,,,,,true,,0,0,0,0,null,0,0,0
1597332303102,0,localhost Disks I/O,,,,,true,,0,0,0,0,null,0,0,0
1597332304117,1574,localhost CPU user,,,,,true,,0,0,0,0,null,0,0,0
1597332304117,58959,localhost Memory usedperc,,,,,true,,0,0,0,0,null,0,0,0
1597332304117,0,localhost Disks I/O,,,,,true,,0,0,0,0,null,0,0,0
1597332305129,762,localhost CPU user,,,,,true,,0,0,0,0,null,0,0,0
1597332305129,58984,localhost Memory usedperc,,,,,true,,0,0,0,0,null,0,0,0
1597332305129,0,localhost Disks I/O,,,,,true,,0,0,0,0,null,0,0,0
1597332306141,775,localhost CPU user,,,,,true,,0,0,0,0,null,0,0,0
1597332306141,59035,localhost Memory usedperc,,,,,true,,0,0,0,0,null,0,0,0
1597332306141,0,localhost Disks I/O,,,,,true,,0,0,0,0,null,0,0,0
1597332307153,1132,localhost CPU user,,,,,true,,0,0,0,0,null,0,0,0
1597332307153,59040,localhost Memory usedperc,,,,,true,,0,0,0,0,null,0,0,0
1597332307153,0,localhost Disks I/O,,,,,true,,0,0,0,0,null,0,0,0
1597332308164,1157,localhost CPU user,,,,,true,,0,0,0,0,null,0,0,0
1597332308164,59117,localhost Memory usedperc,,,,,true,,0,0,0,0,null,0,0,0
1597332308164,0,localhost Disks I/O,,,,,true,,0,0,0,0,null,0,0,0
1597332309176,3840,localhost CPU user,,,,,true,,0,0,0,0,null,0,0,0
1597332309176,59185,localhost Memory usedperc,,,,,true,,0,0,0,0,null,0,0,0
1597332309176,0,localhost Disks I/O,,,,,true,,0,0,0,0,null,0,0,0
1597332310187,3125,localhost CPU user,,,,,true,,0,0,0,0,null,0,0,0
1597332310187,59267,localhost Memory usedperc,,,,,true,,0,0,0,0,null,0,0,0
1597332310187,0,localhost Disks I/O,,,,,true,,0,0,0,0,null,0,0,0
1597332311197,2350,localhost CPU user,,,,,true,,0,0,0,0,null,0,0,0
1597332311197,59319,localhost Memory usedperc,,,,,true,,0,0,0,0,null,0,0,0
1597332311197,0,localhost Disks I/O,,,,,true,,0,0,0,0,null,0,0,0
1597332312205,2349,localhost CPU user,,,,,true,,0,0,0,0,null,0,0,0
1597332312205,59300,localhost Memory usedperc,,,,,true,,0,0,0,0,null,0,0,0
1597332312205,0,localhost Disks I/O,,,,,true,,0,0,0,0,null,0,0,0
1597332313216,3447,localhost CPU user,,,,,true,,0,0,0,0,null,0,0,0
1597332313216,59358,localhost Memory usedperc,,,,,true,,0,0,0,0,null,0,0,0
1597332313216,0,localhost Disks I/O,,,,,true,,0,0,0,0,null,0,0,0
1597332314229,787,localhost CPU user,,,,,true,,0,0,0,0,null,0,0,0
1597332314229,59457,localhost Memory usedperc,,,,,true,,0,0,0,0,null,0,0,0
1597332314229,0,localhost Disks I/O,,,,,true,,0,0,0,0,null,0,0,0
1597332315241,1919,localhost CPU user,,,,,true,,0,0,0,0,null,0,0,0
1597332315241,59499,localhost Memory usedperc,,,,,true,,0,0,0,0,null,0,0,0
1597332315241,0,localhost Disks I/O,,,,,true,,0,0,0,0,null,0,0,0
1597332316251,1551,localhost CPU user,,,,,true,,0,0,0,0,null,0,0,0
1597332316251,59502,localhost Memory usedperc,,,,,true,,0,0,0,0,null,0,0,0
1597332316251,0,localhost Disks I/O,,,,,true,,0,0,0,0,null,0,0,0
1597332317263,1943,localhost CPU user,,,,,true,,0,0,0,0,null,0,0,0
1597332317263,59499,localhost Memory usedperc,,,,,true,,0,0,0,0,null,0,0,0
1597332317263,0,localhost Disks I/O,,,,,true,,0,0,0,0,null,0,0,0
1597332318274,762,localhost CPU user,,,,,true,,0,0,0,0,null,0,0,0
1597332318274,59500,localhost Memory usedperc,,,,,true,,0,0,0,0,null,0,0,0
1597332318274,0,localhost Disks I/O,,,,,true,,0,0,0,0,null,0,0,0
1597332319286,369,localhost CPU user,,,,,true,,0,0,0,0,null,0,0,0
1597332319286,59556,localhost Memory usedperc,,,,,true,,0,0,0,0,null,0,0,0
1597332319286,0,localhost Disks I/O,,,,,true,,0,0,0,0,null,0,0,0
1597332320300,1175,localhost CPU user,,,,,true,,0,0,0,0,null,0,0,0
1597332320300,59676,localhost Memory usedperc,,,,,true,,0,0,0,0,null,0,0,0
1597332320300,0,localhost Disks I/O,,,,,true,,0,0,0,0,null,0,0,0
1597332321313,1943,localhost CPU user,,,,,true,,0,0,0,0,null,0,0,0
1597332321313,59707,localhost Memory usedperc,,,,,true,,0,0,0,0,null,0,0,0
1597332321313,0,localhost Disks I/O,,,,,true,,0,0,0,0,null,0,0,0
1597332322326,1157,localhost CPU user,,,,,true,,0,0,0,0,null,0,0,0
1597332322326,59712,localhost Memory usedperc,,,,,true,,0,0,0,0,null,0,0,0
1597332322326,0,localhost Disks I/O,,,,,true,,0,0,0,0,null,0,0,0
1597332323339,4602,localhost CPU user,,,,,true,,0,0,0,0,null,0,0,0
1597332323339,59778,localhost Memory usedperc,,,,,true,,0,0,0,0,null,0,0,0
1597332323339,0,localhost Disks I/O,,,,,true,,0,0,0,0,null,0,0,0
1597332324348,4234,localhost CPU user,,,,,true,,0,0,0,0,null,0,0,0
1597332324348,59790,localhost Memory usedperc,,,,,true,,0,0,0,0,null,0,0,0
1597332324348,0,localhost Disks I/O,,,,,true,,0,0,0,0,null,0,0,0
1597332325362,3125,localhost CPU user,,,,,true,,0,0,0,0,null,0,0,0
1597332325362,59975,localhost Memory usedperc,,,,,true,,0,0,0,0,null,0,0,0
1597332325362,0,localhost Disks I/O,,,,,true,,0,0,0,0,null,0,0,0
1597332326376,1152,localhost CPU user,,,,,true,,0,0,0,0,null,0,0,0
1597332326376,59974,localhost Memory usedperc,,,,,true,,0,0,0,0,null,0,0,0
1597332326376,0,localhost Disks I/O,,,,,true,,0,0,0,0,null,0,0,0
1597332327387,3076,localhost CPU user,,,,,true,,0,0,0,0,null,0,0,0
1597332327387,59986,localhost Memory usedperc,,,,,true,,0,0,0,0,null,0,0,0
1597332327387,0,localhost Disks I/O,,,,,true,,0,0,0,0,null,0,0,0
1597332328398,2314,localhost CPU user,,,,,true,,0,0,0,0,null,0,0,0
1597332328398,60106,localhost Memory usedperc,,,,,true,,0,0,0,0,null,0,0,0
1597332328398,0,localhost Disks I/O,,,,,true,,0,0,0,0,null,0,0,0
1597332329408,1150,localhost CPU user,,,,,true,,0,0,0,0,null,0,0,0
1597332329408,60153,localhost Memory usedperc,,,,,true,,0,0,0,0,null,0,0,0
1597332329408,0,localhost Disks I/O,,,,,true,,0,0,0,0,null,0,0,0
1597332330418,2683,localhost CPU user,,,,,true,,0,0,0,0,null,0,0,0
1597332330418,60151,localhost Memory usedperc,,,,,true,,0,0,0,0,null,0,0,0
1597332330418,0,localhost Disks I/O,,,,,true,,0,0,0,0,null,0,0,0
1597332331430,1550,localhost CPU user,,,,,true,,0,0,0,0,null,0,0,0
1597332331430,60145,localhost Memory usedperc,,,,,true,,0,0,0,0,null,0,0,0
1597332331430,0,localhost Disks I/O,,,,,true,,0,0,0,0,null,0,0,0
1597332332439,763,localhost CPU user,,,,,true,,0,0,0,0,null,0,0,0
1597332332439,60152,localhost Memory usedperc,,,,,true,,0,0,0,0,null,0,0,0
1597332332439,0,localhost Disks I/O,,,,,true,,0,0,0,0,null,0,0,0
1597332333448,3925,localhost CPU user,,,,,true,,0,0,0,0,null,0,0,0
1597332333448,60232,localhost Memory usedperc,,,,,true,,0,0,0,0,null,0,0,0
1597332333448,0,localhost Disks I/O,,,,,true,,0,0,0,0,null,0,0,0
1597332334459,1550,localhost CPU user,,,,,true,,0,0,0,0,null,0,0,0
1597332334459,60293,localhost Memory usedperc,,,,,true,,0,0,0,0,null,0,0,0
1597332334459,0,localhost Disks I/O,,,,,true,,0,0,0,0,null,0,0,0
1597332335472,3125,localhost CPU user,,,,,true,,0,0,0,0,null,0,0,0
1597332335472,60333,localhost Memory usedperc,,,,,true,,0,0,0,0,null,0,0,0
1597332335472,0,localhost Disks I/O,,,,,true,,0,0,0,0,null,0,0,0
1597332336485,1132,localhost CPU user,,,,,true,,0,0,0,0,null,0,0,0
1597332336485,60335,localhost Memory usedperc,,,,,true,,0,0,0,0,null,0,0,0
1597332336485,0,localhost Disks I/O,,,,,true,,0,0,0,0,null,0,0,0
1597332337495,1156,localhost CPU user,,,,,true,,0,0,0,0,null,0,0,0
1597332337495,60338,localhost Memory usedperc,,,,,true,,0,0,0,0,null,0,0,0
1597332337495,0,localhost Disks I/O,,,,,true,,0,0,0,0,null,0,0,0
1597332338506,1550,localhost CPU user,,,,,true,,0,0,0,0,null,0,0,0
1597332338506,60378,localhost Memory usedperc,,,,,true,,0,0,0,0,null,0,0,0
1597332338506,0,localhost Disks I/O,,,,,true,,0,0,0,0,null,0,0,0
1597332339519,1150,localhost CPU user,,,,,true,,0,0,0,0,null,0,0,0
1597332339519,60441,localhost Memory usedperc,,,,,true,,0,0,0,0,null,0,0,0
1597332339519,0,localhost Disks I/O,,,,,true,,0,0,0,0,null,0,0,0
1597332340534,796,localhost CPU user,,,,,true,,0,0,0,0,null,0,0,0
1597332340534,60504,localhost Memory usedperc,,,,,true,,0,0,0,0,null,0,0,0
1597332340534,0,localhost Disks I/O,,,,,true,,0,0,0,0,null,0,0,0
1597332341546,1526,localhost CPU user,,,,,true,,0,0,0,0,null,0,0,0
1597332341546,60533,localhost Memory usedperc,,,,,true,,0,0,0,0,null,0,0,0
1597332341546,0,localhost Disks I/O,,,,,true,,0,0,0,0,null,0,0,0
1597332342556,1525,localhost CPU user,,,,,true,,0,0,0,0,null,0,0,0
1597332342556,60578,localhost Memory usedperc,,,,,true,,0,0,0,0,null,0,0,0
1597332342556,0,localhost Disks I/O,,,,,true,,0,0,0,0,null,0,0,0
1597332343565,3524,localhost CPU user,,,,,true,,0,0,0,0,null,0,0,0
1597332343565,60533,localhost Memory usedperc,,,,,true,,0,0,0,0,null,0,0,0
1597332343565,0,localhost Disks I/O,,,,,true,,0,0,0,0,null,0,0,0
1597332344575,762,localhost CPU user,,,,,true,,0,0,0,0,null,0,0,0
1597332344575,60533,localhost Memory usedperc,,,,,true,,0,0,0,0,null,0,0,0
1597332344575,0,localhost Disks I/O,,,,,true,,0,0,0,0,null,0,0,0
1597332345586,3840,localhost CPU user,,,,,true,,0,0,0,0,null,0,0,0
1597332345586,60728,localhost Memory usedperc,,,,,true,,0,0,0,0,null,0,0,0
1597332345586,0,localhost Disks I/O,,,,,true,,0,0,0,0,null,0,0,0
1597332346594,1975,localhost CPU user,,,,,true,,0,0,0,0,null,0,0,0
1597332346594,60713,localhost Memory usedperc,,,,,true,,0,0,0,0,null,0,0,0
1597332346594,0,localhost Disks I/O,,,,,true,,0,0,0,0,null,0,0,0
1597332347606,3838,localhost CPU user,,,,,true,,0,0,0,0,null,0,0,0
1597332347606,60743,localhost Memory usedperc,,,,,true,,0,0,0,0,null,0,0,0
1597332347606,0,localhost Disks I/O,,,,,true,,0,0,0,0,null,0,0,0
1597332348616,775,localhost CPU user,,,,,true,,0,0,0,0,null,0,0,0
1597332348616,60844,localhost Memory usedperc,,,,,true,,0,0,0,0,null,0,0,0
1597332348616,0,localhost Disks I/O,,,,,true,,0,0,0,0,null,0,0,0
1597332349626,800,localhost CPU user,,,,,true,,0,0,0,0,null,0,0,0
1597332349626,60899,localhost Memory usedperc,,,,,true,,0,0,0,0,null,0,0,0
1597332349626,0,localhost Disks I/O,,,,,true,,0,0,0,0,null,0,0,0
1597332350638,1157,localhost CPU user,,,,,true,,0,0,0,0,null,0,0,0
1597332350638,60897,localhost Memory usedperc,,,,,true,,0,0,0,0,null,0,0,0
1597332350638,0,localhost Disks I/O,,,,,true,,0,0,0,0,null,0,0,0
1597332351647,762,localhost CPU user,,,,,true,,0,0,0,0,null,0,0,0
1597332351647,60889,localhost Memory usedperc,,,,,true,,0,0,0,0,null,0,0,0
1597332351647,0,localhost Disks I/O,,,,,true,,0,0,0,0,null,0,0,0
1597332352662,5098,localhost CPU user,,,,,true,,0,0,0,0,null,0,0,0
1597332352662,60928,localhost Memory usedperc,,,,,true,,0,0,0,0,null,0,0,0
1597332352662,0,localhost Disks I/O,,,,,true,,0,0,0,0,null,0,0,0
1597332353672,750,localhost CPU user,,,,,true,,0,0,0,0,null,0,0,0
1597332353672,60988,localhost Memory usedperc,,,,,true,,0,0,0,0,null,0,0,0
1597332353672,0,localhost Disks I/O,,,,,true,,0,0,0,0,null,0,0,0
1597332354687,1526,localhost CPU user,,,,,true,,0,0,0,0,null,0,0,0
1597332354687,61049,localhost Memory usedperc,,,,,true,,0,0,0,0,null,0,0,0
1597332354687,0,localhost Disks I/O,,,,,true,,0,0,0,0,null,0,0,0
1597332355697,2730,localhost CPU user,,,,,true,,0,0,0,0,null,0,0,0
1597332355697,61062,localhost Memory usedperc,,,,,true,,0,0,0,0,null,0,0,0
1597332355697,0,localhost Disks I/O,,,,,true,,0,0,0,0,null,0,0,0
1597332356708,1895,localhost CPU user,,,,,true,,0,0,0,0,null,0,0,0
1597332356708,61053,localhost Memory usedperc,,,,,true,,0,0,0,0,null,0,0,0
1597332356708,0,localhost Disks I/O,,,,,true,,0,0,0,0,null,0,0,0
1597332357714,1159,localhost CPU user,,,,,true,,0,0,0,0,null,0,0,0
1597332357714,61051,localhost Memory usedperc,,,,,true,,0,0,0,0,null,0,0,0
1597332357714,0,localhost Disks I/O,,,,,true,,0,0,0,0,null,0,0,0
1597332358724,3114,localhost CPU user,,,,,true,,0,0,0,0,null,0,0,0
1597332358724,61042,localhost Memory usedperc,,,,,true,,0,0,0,0,null,0,0,0
1597332358724,0,localhost Disks I/O,,,,,true,,0,0,0,0,null,0,0,0
1597332359738,1156,localhost CPU user,,,,,true,,0,0,0,0,null,0,0,0
1597332359738,61056,localhost Memory usedperc,,,,,true,,0,0,0,0,null,0,0,0
1597332359738,0,localhost Disks I/O,,,,,true,,0,0,0,0,null,0,0,0
1597332360751,800,localhost CPU user,,,,,true,,0,0,0,0,null,0,0,0
1597332360751,61161,localhost Memory usedperc,,,,,true,,0,0,0,0,null,0,0,0
1597332360751,0,localhost Disks I/O,,,,,true,,0,0,0,0,null,0,0,0
1597332361760,762,localhost CPU user,,,,,true,,0,0,0,0,null,0,0,0
1597332361760,61238,localhost Memory usedperc,,,,,true,,0,0,0,0,null,0,0,0
1597332361760,0,localhost Disks I/O,,,,,true,,0,0,0,0,null,0,0,0
1597332362774,5368,localhost CPU user,,,,,true,,0,0,0,0,null,0,0,0
1597332362774,61257,localhost Memory usedperc,,,,,true,,0,0,0,0,null,0,0,0
1597332362774,0,localhost Disks I/O,,,,,true,,0,0,0,0,null,0,0,0
1597332363786,22706,localhost CPU user,,,,,true,,0,0,0,0,null,0,0,0
1597332363786,61226,localhost Memory usedperc,,,,,true,,0,0,0,0,null,0,0,0
1597332363786,0,localhost Disks I/O,,,,,true,,0,0,0,0,null,0,0,0
1597332364787,11280,localhost CPU user,,,,,true,,0,0,0,0,null,0,0,0
1597332364787,61421,localhost Memory usedperc,,,,,true,,0,0,0,0,null,0,0,0
1597332364787,0,localhost Disks I/O,,,,,true,,0,0,0,0,null,0,0,0
1597332365797,760,localhost CPU user,,,,,true,,0,0,0,0,null,0,0,0
1597332365797,61407,localhost Memory usedperc,,,,,true,,0,0,0,0,null,0,0,0
1597332365797,0,localhost Disks I/O,,,,,true,,0,0,0,0,null,0,0,0
1597332366808,784,localhost CPU user,,,,,true,,0,0,0,0,null,0,0,0
1597332366808,61396,localhost Memory usedperc,,,,,true,,0,0,0,0,null,0,0,0
1597332366808,0,localhost Disks I/O,,,,,true,,0,0,0,0,null,0,0,0
1597332367818,2314,localhost CPU user,,,,,true,,0,0,0,0,null,0,0,0
1597332367818,61385,localhost Memory usedperc,,,,,true,,0,0,0,0,null,0,0,0
1597332367818,0,localhost Disks I/O,,,,,true,,0,0,0,0,null,0,0,0
1597332368832,369,localhost CPU user,,,,,true,,0,0,0,0,null,0,0,0
1597332368832,61441,localhost Memory usedperc,,,,,true,,0,0,0,0,null,0,0,0
1597332368832,0,localhost Disks I/O,,,,,true,,0,0,0,0,null,0,0,0
1597332369847,5897,localhost CPU user,,,,,true,,0,0,0,0,null,0,0,0
1597332369847,61591,localhost Memory usedperc,,,,,true,,0,0,0,0,null,0,0,0
1597332369847,0,localhost Disks I/O,,,,,true,,0,0,0,0,null,0,0,0
1597332370862,5366,localhost CPU user,,,,,true,,0,0,0,0,null,0,0,0
1597332370862,61687,localhost Memory usedperc,,,,,true,,0,0,0,0,null,0,0,0
1597332370862,0,localhost Disks I/O,,,,,true,,0,0,0,0,null,0,0,0
1597332371862,2349,localhost CPU user,,,,,true,,0,0,0,0,null,0,0,0
1597332371862,61775,localhost Memory usedperc,,,,,true,,0,0,0,0,null,0,0,0
1597332371862,0,localhost Disks I/O,,,,,true,,0,0,0,0,null,0,0,0
1597332372871,2313,localhost CPU user,,,,,true,,0,0,0,0,null,0,0,0
1597332372871,60478,localhost Memory usedperc,,,,,true,,0,0,0,0,null,0,0,0
1597332372871,0,localhost Disks I/O,,,,,true,,0,0,0,0,null,0,0,0
1597332373881,9603,localhost CPU user,,,,,true,,0,0,0,0,null,0,0,0
1597332373881,60473,localhost Memory usedperc,,,,,true,,0,0,0,0,null,0,0,0
1597332373881,0,localhost Disks I/O,,,,,true,,0,0,0,0,null,0,0,0
1597332374895,3123,localhost CPU user,,,,,true,,0,0,0,0,null,0,0,0
1597332374895,60541,localhost Memory usedperc,,,,,true,,0,0,0,0,null,0,0,0
1597332374895,0,localhost Disks I/O,,,,,true,,0,0,0,0,null,0,0,0
1597332375904,1913,localhost CPU user,,,,,true,,0,0,0,0,null,0,0,0
1597332375904,60659,localhost Memory usedperc,,,,,true,,0,0,0,0,null,0,0,0
1597332375904,0,localhost Disks I/O,,,,,true,,0,0,0,0,null,0,0,0
1597332376918,4650,localhost CPU user,,,,,true,,0,0,0,0,null,0,0,0
1597332376918,60655,localhost Memory usedperc,,,,,true,,0,0,0,0,null,0,0,0
1597332376918,0,localhost Disks I/O,,,,,true,,0,0,0,0,null,0,0,0
1597332377928,29623,localhost CPU user,,,,,true,,0,0,0,0,null,0,0,0
1597332377928,61078,localhost Memory usedperc,,,,,true,,0,0,0,0,null,0,0,0
1597332377928,0,localhost Disks I/O,,,,,true,,0,0,0,0,null,0,0,0
1597332378937,10905,localhost CPU user,,,,,true,,0,0,0,0,null,0,0,0
1597332378937,61006,localhost Memory usedperc,,,,,true,,0,0,0,0,null,0,0,0
1597332378937,0,localhost Disks I/O,,,,,true,,0,0,0,0,null,0,0,0
1597332379951,3125,localhost CPU user,,,,,true,,0,0,0,0,null,0,0,0
1597332379951,61006,localhost Memory usedperc,,,,,true,,0,0,0,0,null,0,0,0
1597332379951,0,localhost Disks I/O,,,,,true,,0,0,0,0,null,0,0,0
1597332380962,393,localhost CPU user,,,,,true,,0,0,0,0,null,0,0,0
1597332380962,60994,localhost Memory usedperc,,,,,true,,0,0,0,0,null,0,0,0
1597332380962,0,localhost Disks I/O,,,,,true,,0,0,0,0,null,0,0,0
1597332381974,3078,localhost CPU user,,,,,true,,0,0,0,0,null,0,0,0
1597332381974,60982,localhost Memory usedperc,,,,,true,,0,0,0,0,null,0,0,0
1597332381974,0,localhost Disks I/O,,,,,true,,0,0,0,0,null,0,0,0
1597332382984,3955,localhost CPU user,,,,,true,,0,0,0,0,null,0,0,0
1597332382984,60707,localhost Memory usedperc,,,,,true,,0,0,0,0,null,0,0,0
1597332382984,0,localhost Disks I/O,,,,,true,,0,0,0,0,null,0,0,0
1597332383985,1531,localhost CPU user,,,,,true,,0,0,0,0,null,0,0,0
1597332383985,60706,localhost Memory usedperc,,,,,true,,0,0,0,0,null,0,0,0
1597332383985,0,localhost Disks I/O,,,,,true,,0,0,0,0,null,0,0,0
1597332384998,2289,localhost CPU user,,,,,true,,0,0,0,0,null,0,0,0
1597332384998,60693,localhost Memory usedperc,,,,,true,,0,0,0,0,null,0,0,0
1597332384998,0,localhost Disks I/O,,,,,true,,0,0,0,0,null,0,0,0
1597332386012,3850,localhost CPU user,,,,,true,,0,0,0,0,null,0,0,0
1597332386012,60530,localhost Memory usedperc,,,,,true,,0,0,0,0,null,0,0,0
1597332386012,0,localhost Disks I/O,,,,,true,,0,0,0,0,null,0,0,0
1597332387023,1919,localhost CPU user,,,,,true,,0,0,0,0,null,0,0,0
1597332387023,60528,localhost Memory usedperc,,,,,true,,0,0,0,0,null,0,0,0
1597332387023,0,localhost Disks I/O,,,,,true,,0,0,0,0,null,0,0,0
1597332388038,3469,localhost CPU user,,,,,true,,0,0,0,0,null,0,0,0
1597332388038,60527,localhost Memory usedperc,,,,,true,,0,0,0,0,null,0,0,0
1597332388038,0,localhost Disks I/O,,,,,true,,0,0,0,0,null,0,0,0
1597332389048,6226,localhost CPU user,,,,,true,,0,0,0,0,null,0,0,0
1597332389048,60513,localhost Memory usedperc,,,,,true,,0,0,0,0,null,0,0,0
1597332389048,0,localhost Disks I/O,,,,,true,,0,0,0,0,null,0,0,0
1597332390062,1550,localhost CPU user,,,,,true,,0,0,0,0,null,0,0,0
1597332390062,60500,localhost Memory usedperc,,,,,true,,0,0,0,0,null,0,0,0
1597332390062,0,localhost Disks I/O,,,,,true,,0,0,0,0,null,0,0,0
1597332391074,2314,localhost CPU user,,,,,true,,0,0,0,0,null,0,0,0
1597332391074,60495,localhost Memory usedperc,,,,,true,,0,0,0,0,null,0,0,0
1597332391074,0,localhost Disks I/O,,,,,true,,0,0,0,0,null,0,0,0
1597332392084,1919,localhost CPU user,,,,,true,,0,0,0,0,null,0,0,0
1597332392084,60495,localhost Memory usedperc,,,,,true,,0,0,0,0,null,0,0,0
1597332392084,0,localhost Disks I/O,,,,,true,,0,0,0,0,null,0,0,0
1597332393096,4603,localhost CPU user,,,,,true,,0,0,0,0,null,0,0,0
1597332393096,60421,localhost Memory usedperc,,,,,true,,0,0,0,0,null,0,0,0
1597332393096,0,localhost Disks I/O,,,,,true,,0,0,0,0,null,0,0,0
1597332394110,400,localhost CPU user,,,,,true,,0,0,0,0,null,0,0,0
1597332394110,60435,localhost Memory usedperc,,,,,true,,0,0,0,0,null,0,0,0
1597332394110,0,localhost Disks I/O,,,,,true,,0,0,0,0,null,0,0,0
1597332395118,1132,localhost CPU user,,,,,true,,0,0,0,0,null,0,0,0
1597332395118,60475,localhost Memory usedperc,,,,,true,,0,0,0,0,null,0,0,0
1597332395118,0,localhost Disks I/O,,,,,true,,0,0,0,0,null,0,0,0
1597332396128,11936,localhost CPU user,,,,,true,,0,0,0,0,null,0,0,0
1597332396128,60605,localhost Memory usedperc,,,,,true,,0,0,0,0,null,0,0,0
1597332396128,0,localhost Disks I/O,,,,,true,,0,0,0,0,null,0,0,0
1597332397141,775,localhost CPU user,,,,,true,,0,0,0,0,null,0,0,0
1597332397141,60592,localhost Memory usedperc,,,,,true,,0,0,0,0,null,0,0,0
1597332397141,0,localhost Disks I/O,,,,,true,,0,0,0,0,null,0,0,0
1597332398155,2683,localhost CPU user,,,,,true,,0,0,0,0,null,0,0,0
1597332398155,60420,localhost Memory usedperc,,,,,true,,0,0,0,0,null,0,0,0
1597332398155,0,localhost Disks I/O,,,,,true,,0,0,0,0,null,0,0,0
1597332399168,7330,localhost CPU user,,,,,true,,0,0,0,0,null,0,0,0
1597332399168,60291,localhost Memory usedperc,,,,,true,,0,0,0,0,null,0,0,0
1597332399168,0,localhost Disks I/O,,,,,true,,0,0,0,0,null,0,0,0
1597332400180,3446,localhost CPU user,,,,,true,,0,0,0,0,null,0,0,0
1597332400180,60248,localhost Memory usedperc,,,,,true,,0,0,0,0,null,0,0,0
1597332400180,0,localhost Disks I/O,,,,,true,,0,0,0,0,null,0,0,0
1597332401190,1949,localhost CPU user,,,,,true,,0,0,0,0,null,0,0,0
1597332401190,60231,localhost Memory usedperc,,,,,true,,0,0,0,0,null,0,0,0
1597332401190,0,localhost Disks I/O,,,,,true,,0,0,0,0,null,0,0,0
1597332402199,787,localhost CPU user,,,,,true,,0,0,0,0,null,0,0,0
1597332402199,60218,localhost Memory usedperc,,,,,true,,0,0,0,0,null,0,0,0
1597332402199,0,localhost Disks I/O,,,,,true,,0,0,0,0,null,0,0,0
1597332403215,3840,localhost CPU user,,,,,true,,0,0,0,0,null,0,0,0
1597332403215,60078,localhost Memory usedperc,,,,,true,,0,0,0,0,null,0,0,0
1597332403215,0,localhost Disks I/O,,,,,true,,0,0,0,0,null,0,0,0
1597332404225,1128,localhost CPU user,,,,,true,,0,0,0,0,null,0,0,0
1597332404225,60066,localhost Memory usedperc,,,,,true,,0,0,0,0,null,0,0,0
1597332404225,0,localhost Disks I/O,,,,,true,,0,0,0,0,null,0,0,0
1597332405233,799,localhost CPU user,,,,,true,,0,0,0,0,null,0,0,0
1597332405233,60051,localhost Memory usedperc,,,,,true,,0,0,0,0,null,0,0,0
1597332405233,0,localhost Disks I/O,,,,,true,,0,0,0,0,null,0,0,0
1597332406247,1920,localhost CPU user,,,,,true,,0,0,0,0,null,0,0,0
1597332406247,59879,localhost Memory usedperc,,,,,true,,0,0,0,0,null,0,0,0
1597332406247,0,localhost Disks I/O,,,,,true,,0,0,0,0,null,0,0,0
1597332407260,1943,localhost CPU user,,,,,true,,0,0,0,0,null,0,0,0
1597332407260,59871,localhost Memory usedperc,,,,,true,,0,0,0,0,null,0,0,0
1597332407260,0,localhost Disks I/O,,,,,true,,0,0,0,0,null,0,0,0
1597332408272,6525,localhost CPU user,,,,,true,,0,0,0,0,null,0,0,0
1597332408272,59857,localhost Memory usedperc,,,,,true,,0,0,0,0,null,0,0,0
1597332408272,0,localhost Disks I/O,,,,,true,,0,0,0,0,null,0,0,0
1597332409281,1174,localhost CPU user,,,,,true,,0,0,0,0,null,0,0,0
1597332409281,59846,localhost Memory usedperc,,,,,true,,0,0,0,0,null,0,0,0
1597332409281,0,localhost Disks I/O,,,,,true,,0,0,0,0,null,0,0,0
1597332410291,1132,localhost CPU user,,,,,true,,0,0,0,0,null,0,0,0
1597332410291,59833,localhost Memory usedperc,,,,,true,,0,0,0,0,null,0,0,0
1597332410291,0,localhost Disks I/O,,,,,true,,0,0,0,0,null,0,0,0
1597332411302,787,localhost CPU user,,,,,true,,0,0,0,0,null,0,0,0
1597332411302,59833,localhost Memory usedperc,,,,,true,,0,0,0,0,null,0,0,0
1597332411302,0,localhost Disks I/O,,,,,true,,0,0,0,0,null,0,0,0
1597332412310,1175,localhost CPU user,,,,,true,,0,0,0,0,null,0,0,0
1597332412310,59829,localhost Memory usedperc,,,,,true,,0,0,0,0,null,0,0,0
1597332412310,0,localhost Disks I/O,,,,,true,,0,0,0,0,null,0,0,0
1597332413318,1132,localhost CPU user,,,,,true,,0,0,0,0,null,0,0,0
1597332413318,59826,localhost Memory usedperc,,,,,true,,0,0,0,0,null,0,0,0
1597332413318,0,localhost Disks I/O,,,,,true,,0,0,0,0,null,0,0,0
1597332414326,6673,localhost CPU user,,,,,true,,0,0,0,0,null,0,0,0
1597332414326,59825,localhost Memory usedperc,,,,,true,,0,0,0,0,null,0,0,0
1597332414326,0,localhost Disks I/O,,,,,true,,0,0,0,0,null,0,0,0
1597332415338,2289,localhost CPU user,,,,,true,,0,0,0,0,null,0,0,0
1597332415338,59833,localhost Memory usedperc,,,,,true,,0,0,0,0,null,0,0,0
1597332415338,0,localhost Disks I/O,,,,,true,,0,0,0,0,null,0,0,0
1597332416350,4234,localhost CPU user,,,,,true,,0,0,0,0,null,0,0,0
1597332416350,59825,localhost Memory usedperc,,,,,true,,0,0,0,0,null,0,0,0
1597332416350,0,localhost Disks I/O,,,,,true,,0,0,0,0,null,0,0,0
1597332417361,781,localhost CPU user,,,,,true,,0,0,0,0,null,0,0,0
1597332417361,59821,localhost Memory usedperc,,,,,true,,0,0,0,0,null,0,0,0
1597332417361,0,localhost Disks I/O,,,,,true,,0,0,0,0,null,0,0,0
1597332418375,793,localhost CPU user,,,,,true,,0,0,0,0,null,0,0,0
1597332418375,59802,localhost Memory usedperc,,,,,true,,0,0,0,0,null,0,0,0
1597332418375,0,localhost Disks I/O,,,,,true,,0,0,0,0,null,0,0,0
1597332419384,1156,localhost CPU user,,,,,true,,0,0,0,0,null,0,0,0
1597332419384,59803,localhost Memory usedperc,,,,,true,,0,0,0,0,null,0,0,0
1597332419384,0,localhost Disks I/O,,,,,true,,0,0,0,0,null,0,0,0
1597332420394,3446,localhost CPU user,,,,,true,,0,0,0,0,null,0,0,0
1597332420394,59791,localhost Memory usedperc,,,,,true,,0,0,0,0,null,0,0,0
1597332420394,0,localhost Disks I/O,,,,,true,,0,0,0,0,null,0,0,0
1597332421394,3816,localhost CPU user,,,,,true,,0,0,0,0,null,0,0,0
1597332421394,59737,localhost Memory usedperc,,,,,true,,0,0,0,0,null,0,0,0
1597332421394,0,localhost Disks I/O,,,,,true,,0,0,0,0,null,0,0,0
1597332422406,1574,localhost CPU user,,,,,true,,0,0,0,0,null,0,0,0
1597332422406,59724,localhost Memory usedperc,,,,,true,,0,0,0,0,null,0,0,0
1597332422406,0,localhost Disks I/O,,,,,true,,0,0,0,0,null,0,0,0
1597332423416,2684,localhost CPU user,,,,,true,,0,0,0,0,null,0,0,0
1597332423416,59723,localhost Memory usedperc,,,,,true,,0,0,0,0,null,0,0,0
1597332423416,0,localhost Disks I/O,,,,,true,,0,0,0,0,null,0,0,0
1597332424427,1574,localhost CPU user,,,,,true,,0,0,0,0,null,0,0,0
1597332424427,59711,localhost Memory usedperc,,,,,true,,0,0,0,0,null,0,0,0
1597332424427,0,localhost Disks I/O,,,,,true,,0,0,0,0,null,0,0,0
1597332425440,2724,localhost CPU user,,,,,true,,0,0,0,0,null,0,0,0
1597332425440,59619,localhost Memory usedperc,,,,,true,,0,0,0,0,null,0,0,0
1597332425440,0,localhost Disks I/O,,,,,true,,0,0,0,0,null,0,0,0
1597332426454,2290,localhost CPU user,,,,,true,,0,0,0,0,null,0,0,0
1597332426454,59620,localhost Memory usedperc,,,,,true,,0,0,0,0,null,0,0,0
1597332426454,1000,localhost Disks I/O,,,,,true,,0,0,0,0,null,0,0,0
1597332427464,3494,localhost CPU user,,,,,true,,0,0,0,0,null,0,0,0
1597332427464,59513,localhost Memory usedperc,,,,,true,,0,0,0,0,null,0,0,0
1597332427464,1000,localhost Disks I/O,,,,,true,,0,0,0,0,null,0,0,0
1597332428478,1526,localhost CPU user,,,,,true,,0,0,0,0,null,0,0,0
1597332428478,59500,localhost Memory usedperc,,,,,true,,0,0,0,0,null,0,0,0
1597332428478,0,localhost Disks I/O,,,,,true,,0,0,0,0,null,0,0,0
1597332429491,1550,localhost CPU user,,,,,true,,0,0,0,0,null,0,0,0
1597332429491,59488,localhost Memory usedperc,,,,,true,,0,0,0,0,null,0,0,0
1597332429491,0,localhost Disks I/O,,,,,true,,0,0,0,0,null,0,0,0
1597332430502,1150,localhost CPU user,,,,,true,,0,0,0,0,null,0,0,0
1597332430502,59483,localhost Memory usedperc,,,,,true,,0,0,0,0,null,0,0,0
1597332430502,0,localhost Disks I/O,,,,,true,,0,0,0,0,null,0,0,0
1597332431516,57171,localhost CPU user,,,,,true,,0,0,0,0,null,0,0,0
1597332431516,61105,localhost Memory usedperc,,,,,true,,0,0,0,0,null,0,0,0
1597332431516,0,localhost Disks I/O,,,,,true,,0,0,0,0,null,0,0,0
1597332432520,15653,localhost CPU user,,,,,true,,0,0,0,0,null,0,0,0
1597332432520,61411,localhost Memory usedperc,,,,,true,,0,0,0,0,null,0,0,0
1597332432520,0,localhost Disks I/O,,,,,true,,0,0,0,0,null,0,0,0
1597332433530,11143,localhost CPU user,,,,,true,,0,0,0,0,null,0,0,0
1597332433530,61451,localhost Memory usedperc,,,,,true,,0,0,0,0,null,0,0,0
1597332433530,0,localhost Disks I/O,,,,,true,,0,0,0,0,null,0,0,0
1597332434536,13448,localhost CPU user,,,,,true,,0,0,0,0,null,0,0,0
1597332434536,61621,localhost Memory usedperc,,,,,true,,0,0,0,0,null,0,0,0
1597332434536,0,localhost Disks I/O,,,,,true,,0,0,0,0,null,0,0,0
1597332435542,20724,localhost CPU user,,,,,true,,0,0,0,0,null,0,0,0
1597332435542,62028,localhost Memory usedperc,,,,,true,,0,0,0,0,null,0,0,0
1597332435542,0,localhost Disks I/O,,,,,true,,0,0,0,0,null,0,0,0
1597332436548,28411,localhost CPU user,,,,,true,,0,0,0,0,null,0,0,0
1597332436548,61794,localhost Memory usedperc,,,,,true,,0,0,0,0,null,0,0,0
1597332436548,0,localhost Disks I/O,,,,,true,,0,0,0,0,null,0,0,0
1597332437555,16924,localhost CPU user,,,,,true,,0,0,0,0,null,0,0,0
1597332437555,60775,localhost Memory usedperc,,,,,true,,0,0,0,0,null,0,0,0
1597332437555,0,localhost Disks I/O,,,,,true,,0,0,0,0,null,0,0,0
1597332438560,19914,localhost CPU user,,,,,true,,0,0,0,0,null,0,0,0
1597332438560,60640,localhost Memory usedperc,,,,,true,,0,0,0,0,null,0,0,0
1597332438560,1000,localhost Disks I/O,,,,,true,,0,0,0,0,null,0,0,0
1597332439569,21171,localhost CPU user,,,,,true,,0,0,0,0,null,0,0,0
1597332439569,60595,localhost Memory usedperc,,,,,true,,0,0,0,0,null,0,0,0
1597332439569,0,localhost Disks I/O,,,,,true,,0,0,0,0,null,0,0,0
1597332440579,21869,localhost CPU user,,,,,true,,0,0,0,0,null,0,0,0
1597332440579,60580,localhost Memory usedperc,,,,,true,,0,0,0,0,null,0,0,0
1597332440579,0,localhost Disks I/O,,,,,true,,0,0,0,0,null,0,0,0
1597332441587,27277,localhost CPU user,,,,,true,,0,0,0,0,null,0,0,0
1597332441587,60751,localhost Memory usedperc,,,,,true,,0,0,0,0,null,0,0,0
1597332441587,0,localhost Disks I/O,,,,,true,,0,0,0,0,null,0,0,0
1597332442592,25025,localhost CPU user,,,,,true,,0,0,0,0,null,0,0,0
1597332442593,61397,localhost Memory usedperc,,,,,true,,0,0,0,0,null,0,0,0
1597332442593,0,localhost Disks I/O,,,,,true,,0,0,0,0,null,0,0,0
1597332443599,25668,localhost CPU user,,,,,true,,0,0,0,0,null,0,0,0
1597332443599,61824,localhost Memory usedperc,,,,,true,,0,0,0,0,null,0,0,0
1597332443599,0,localhost Disks I/O,,,,,true,,0,0,0,0,null,0,0,0
1597332444612,26943,localhost CPU user,,,,,true,,0,0,0,0,null,0,0,0
1597332444612,62308,localhost Memory usedperc,,,,,true,,0,0,0,0,null,0,0,0
1597332444612,0,localhost Disks I/O,,,,,true,,0,0,0,0,null,0,0,0
1597332445618,32188,localhost CPU user,,,,,true,,0,0,0,0,null,0,0,0
1597332445618,62628,localhost Memory usedperc,,,,,true,,0,0,0,0,null,0,0,0
1597332445618,0,localhost Disks I/O,,,,,true,,0,0,0,0,null,0,0,0
1597332446626,35923,localhost CPU user,,,,,true,,0,0,0,0,null,0,0,0
1597332446626,62753,localhost Memory usedperc,,,,,true,,0,0,0,0,null,0,0,0
1597332446626,0,localhost Disks I/O,,,,,true,,0,0,0,0,null,0,0,0
1597332447633,5762,localhost CPU user,,,,,true,,0,0,0,0,null,0,0,0
1597332447633,62525,localhost Memory usedperc,,,,,true,,0,0,0,0,null,0,0,0
1597332447633,0,localhost Disks I/O,,,,,true,,0,0,0,0,null,0,0,0
1597332448642,12878,localhost CPU user,,,,,true,,0,0,0,0,null,0,0,0
1597332448642,62114,localhost Memory usedperc,,,,,true,,0,0,0,0,null,0,0,0
1597332448642,0,localhost Disks I/O,,,,,true,,0,0,0,0,null,0,0,0
1597332449652,24243,localhost CPU user,,,,,true,,0,0,0,0,null,0,0,0
1597332449652,62406,localhost Memory usedperc,,,,,true,,0,0,0,0,null,0,0,0
1597332449652,9000,localhost Disks I/O,,,,,true,,0,0,0,0,null,0,0,0
1597332450660,24908,localhost CPU user,,,,,true,,0,0,0,0,null,0,0,0
1597332450660,62603,localhost Memory usedperc,,,,,true,,0,0,0,0,null,0,0,0
1597332450660,0,localhost Disks I/O,,,,,true,,0,0,0,0,null,0,0,0
1597332451668,25800,localhost CPU user,,,,,true,,0,0,0,0,null,0,0,0
1597332451668,62671,localhost Memory usedperc,,,,,true,,0,0,0,0,null,0,0,0
1597332451668,0,localhost Disks I/O,,,,,true,,0,0,0,0,null,0,0,0
1597332452681,25738,localhost CPU user,,,,,true,,0,0,0,0,null,0,0,0
1597332452681,63616,localhost Memory usedperc,,,,,true,,0,0,0,0,null,0,0,0
1597332452681,0,localhost Disks I/O,,,,,true,,0,0,0,0,null,0,0,0
1597332453692,26211,localhost CPU user,,,,,true,,0,0,0,0,null,0,0,0
1597332453692,63046,localhost Memory usedperc,,,,,true,,0,0,0,0,null,0,0,0
1597332453692,0,localhost Disks I/O,,,,,true,,0,0,0,0,null,0,0,0
1597332454697,16764,localhost CPU user,,,,,true,,0,0,0,0,null,0,0,0
1597332454697,63210,localhost Memory usedperc,,,,,true,,0,0,0,0,null,0,0,0
1597332454697,0,localhost Disks I/O,,,,,true,,0,0,0,0,null,0,0,0
1597332455702,23050,localhost CPU user,,,,,true,,0,0,0,0,null,0,0,0
1597332455702,63098,localhost Memory usedperc,,,,,true,,0,0,0,0,null,0,0,0
1597332455702,0,localhost Disks I/O,,,,,true,,0,0,0,0,null,0,0,0
1597332456715,45563,localhost CPU user,,,,,true,,0,0,0,0,null,0,0,0
1597332456715,63068,localhost Memory usedperc,,,,,true,,0,0,0,0,null,0,0,0
1597332456715,0,localhost Disks I/O,,,,,true,,0,0,0,0,null,0,0,0
1597332457723,31176,localhost CPU user,,,,,true,,0,0,0,0,null,0,0,0
1597332457723,63154,localhost Memory usedperc,,,,,true,,0,0,0,0,null,0,0,0
1597332457723,0,localhost Disks I/O,,,,,true,,0,0,0,0,null,0,0,0
1597332458726,3501,localhost CPU user,,,,,true,,0,0,0,0,null,0,0,0
1597332458726,63217,localhost Memory usedperc,,,,,true,,0,0,0,0,null,0,0,0
1597332458726,0,localhost Disks I/O,,,,,true,,0,0,0,0,null,0,0,0
1597332459729,2323,localhost CPU user,,,,,true,,0,0,0,0,null,0,0,0
1597332459729,63204,localhost Memory usedperc,,,,,true,,0,0,0,0,null,0,0,0
1597332459729,0,localhost Disks I/O,,,,,true,,0,0,0,0,null,0,0,0
1597332460735,3925,localhost CPU user,,,,,true,,0,0,0,0,null,0,0,0
1597332460735,63299,localhost Memory usedperc,,,,,true,,0,0,0,0,null,0,0,0
1597332460735,0,localhost Disks I/O,,,,,true,,0,0,0,0,null,0,0,0
1597332461735,3500,localhost CPU user,,,,,true,,0,0,0,0,null,0,0,0
1597332461735,63443,localhost Memory usedperc,,,,,true,,0,0,0,0,null,0,0,0
1597332461735,0,localhost Disks I/O,,,,,true,,0,0,0,0,null,0,0,0
1597332462736,2338,localhost CPU user,,,,,true,,0,0,0,0,null,0,0,0
1597332462736,63376,localhost Memory usedperc,,,,,true,,0,0,0,0,null,0,0,0
1597332462736,0,localhost Disks I/O,,,,,true,,0,0,0,0,null,0,0,0
1597332463749,2724,localhost CPU user,,,,,true,,0,0,0,0,null,0,0,0
1597332463749,63421,localhost Memory usedperc,,,,,true,,0,0,0,0,null,0,0,0
1597332463749,0,localhost Disks I/O,,,,,true,,0,0,0,0,null,0,0,0
1597332464761,4569,localhost CPU user,,,,,true,,0,0,0,0,null,0,0,0
1597332464761,63510,localhost Memory usedperc,,,,,true,,0,0,0,0,null,0,0,0
1597332464761,0,localhost Disks I/O,,,,,true,,0,0,0,0,null,0,0,0
1597332465762,1550,localhost CPU user,,,,,true,,0,0,0,0,null,0,0,0
1597332465762,63648,localhost Memory usedperc,,,,,true,,0,0,0,0,null,0,0,0
1597332465762,0,localhost Disks I/O,,,,,true,,0,0,0,0,null,0,0,0
1597332466767,3500,localhost CPU user,,,,,true,,0,0,0,0,null,0,0,0
1597332466767,63711,localhost Memory usedperc,,,,,true,,0,0,0,0,null,0,0,0
1597332466767,0,localhost Disks I/O,,,,,true,,0,0,0,0,null,0,0,0
1597332467770,2684,localhost CPU user,,,,,true,,0,0,0,0,null,0,0,0
1597332467770,63719,localhost Memory usedperc,,,,,true,,0,0,0,0,null,0,0,0
1597332467770,0,localhost Disks I/O,,,,,true,,0,0,0,0,null,0,0,0
1597332468773,375,localhost CPU user,,,,,true,,0,0,0,0,null,0,0,0
1597332468773,63712,localhost Memory usedperc,,,,,true,,0,0,0,0,null,0,0,0
1597332468773,0,localhost Disks I/O,,,,,true,,0,0,0,0,null,0,0,0
1597332469787,1598,localhost CPU user,,,,,true,,0,0,0,0,null,0,0,0
1597332469787,63774,localhost Memory usedperc,,,,,true,,0,0,0,0,null,0,0,0
1597332469787,0,localhost Disks I/O,,,,,true,,0,0,0,0,null,0,0,0
1597332470791,3550,localhost CPU user,,,,,true,,0,0,0,0,null,0,0,0
1597332470791,63721,localhost Memory usedperc,,,,,true,,0,0,0,0,null,0,0,0
1597332470791,0,localhost Disks I/O,,,,,true,,0,0,0,0,null,0,0,0
1597332471806,3028,localhost CPU user,,,,,true,,0,0,0,0,null,0,0,0
1597332471806,63742,localhost Memory usedperc,,,,,true,,0,0,0,0,null,0,0,0
1597332471806,0,localhost Disks I/O,,,,,true,,0,0,0,0,null,0,0,0
1597332472818,1942,localhost CPU user,,,,,true,,0,0,0,0,null,0,0,0
1597332472818,63810,localhost Memory usedperc,,,,,true,,0,0,0,0,null,0,0,0
1597332472818,0,localhost Disks I/O,,,,,true,,0,0,0,0,null,0,0,0
1597332473833,0,localhost CPU user,,,,,true,,0,0,0,0,null,0,0,0
1597332473833,63938,localhost Memory usedperc,,,,,true,,0,0,0,0,null,0,0,0
1597332473833,0,localhost Disks I/O,,,,,true,,0,0,0,0,null,0,0,0
1597332474847,796,localhost CPU user,,,,,true,,0,0,0,0,null,0,0,0
1597332474847,64061,localhost Memory usedperc,,,,,true,,0,0,0,0,null,0,0,0
1597332474847,0,localhost Disks I/O,,,,,true,,0,0,0,0,null,0,0,0
1597332475850,2750,localhost CPU user,,,,,true,,0,0,0,0,null,0,0,0
1597332475850,64211,localhost Memory usedperc,,,,,true,,0,0,0,0,null,0,0,0
1597332475850,0,localhost Disks I/O,,,,,true,,0,0,0,0,null,0,0,0
1597332476851,4972,localhost CPU user,,,,,true,,0,0,0,0,null,0,0,0
1597332476851,64478,localhost Memory usedperc,,,,,true,,0,0,0,0,null,0,0,0
1597332476851,0,localhost Disks I/O,,,,,true,,0,0,0,0,null,0,0,0
1597332477864,1950,localhost CPU user,,,,,true,,0,0,0,0,null,0,0,0
1597332477864,64470,localhost Memory usedperc,,,,,true,,0,0,0,0,null,0,0,0
1597332477864,0,localhost Disks I/O,,,,,true,,0,0,0,0,null,0,0,0
1597332478864,5738,localhost CPU user,,,,,true,,0,0,0,0,null,0,0,0
1597332478864,64407,localhost Memory usedperc,,,,,true,,0,0,0,0,null,0,0,0
1597332478864,0,localhost Disks I/O,,,,,true,,0,0,0,0,null,0,0,0
1597332479878,369,localhost CPU user,,,,,true,,0,0,0,0,null,0,0,0
1597332479878,64360,localhost Memory usedperc,,,,,true,,0,0,0,0,null,0,0,0
1597332479878,0,localhost Disks I/O,,,,,true,,0,0,0,0,null,0,0,0
1597332480879,3150,localhost CPU user,,,,,true,,0,0,0,0,null,0,0,0
1597332480879,64348,localhost Memory usedperc,,,,,true,,0,0,0,0,null,0,0,0
1597332480879,0,localhost Disks I/O,,,,,true,,0,0,0,0,null,0,0,0
1597332481893,3126,localhost CPU user,,,,,true,,0,0,0,0,null,0,0,0
1597332481893,64291,localhost Memory usedperc,,,,,true,,0,0,0,0,null,0,0,0
1597332481893,0,localhost Disks I/O,,,,,true,,0,0,0,0,null,0,0,0
1597332482896,774,localhost CPU user,,,,,true,,0,0,0,0,null,0,0,0
1597332482896,64220,localhost Memory usedperc,,,,,true,,0,0,0,0,null,0,0,0
1597332482896,0,localhost Disks I/O,,,,,true,,0,0,0,0,null,0,0,0
1597332483897,1170,localhost CPU user,,,,,true,,0,0,0,0,null,0,0,0
1597332483897,64168,localhost Memory usedperc,,,,,true,,0,0,0,0,null,0,0,0
1597332483897,0,localhost Disks I/O,,,,,true,,0,0,0,0,null,0,0,0
1597332484898,1175,localhost CPU user,,,,,true,,0,0,0,0,null,0,0,0
1597332484898,64167,localhost Memory usedperc,,,,,true,,0,0,0,0,null,0,0,0
1597332484898,0,localhost Disks I/O,,,,,true,,0,0,0,0,null,0,0,0
1597332485899,4297,localhost CPU user,,,,,true,,0,0,0,0,null,0,0,0
1597332485899,64109,localhost Memory usedperc,,,,,true,,0,0,0,0,null,0,0,0
1597332485899,0,localhost Disks I/O,,,,,true,,0,0,0,0,null,0,0,0
1597332486908,5826,localhost CPU user,,,,,true,,0,0,0,0,null,0,0,0
1597332486908,64481,localhost Memory usedperc,,,,,true,,0,0,0,0,null,0,0,0
1597332486908,0,localhost Disks I/O,,,,,true,,0,0,0,0,null,0,0,0
